Id,list_price
9907,114.6646448
5243,23.63918098
8276,148.1983113
6501,52.01615743
1619,-9.232554457
2226,50.54259541
7130,193.4181606
2272,115.188079
9594,44.65271296
38,9.340497089
3851,134.9364341
1713,43.82446174
10304,65.4168071
2339,15.64547753
10128,22.1676471
10859,92.01730945
392,116.3297002
3888,25.80005348
5940,28.09042018
4577,579.4568276
2829,19.73512914
9614,402.8143825
1900,394.4251326
9527,75.33119472
2341,76.34233558
7739,18.81098319
3445,34.17420127
298,29.77263362
429,40.59464604
10482,50.03438045
6309,31.61301424
9634,28.03193906
7093,36.76023006
1874,30.57176735
798,142.0773548
6394,106.4852225
11894,30.22212696
9504,93.10766745
4255,118.3395973
8991,60.15000465
8667,40.91448916
1067,122.4983661
936,404.1402327
5751,21.79998376
7347,67.95749303
5061,23.97648653
11880,23.37330982
11077,89.38192154
9796,46.27861842
129,5.425812566
6500,62.38659906
903,34.04557269
2018,42.80816154
11332,48.88789372
2915,40.98352493
11814,36.59083558
7732,61.80982502
1074,79.74341532
11551,89.64761309
10732,18.74824927
824,47.28510795
5778,8.203240013
10059,28.56373523
9400,34.78736332
4364,41.23820064
8063,25.91281458
1466,-6.656447728
3113,46.32834487
11058,69.07889735
8462,41.41821108
11124,396.9060461
8460,35.69490532
5114,32.22642039
1088,34.11513666
8311,26.3978384
4693,100.4748179
756,67.54020073
4864,279.791596
2913,23.87626826
8574,25.19128286
2851,6.447082997
1097,105.5081886
3854,134.6200561
3136,279.3737505
724,25.12192953
9697,15.98063626
7172,30.66248179
7128,-3.558274853
7952,111.2832564
5718,71.64442404
12179,38.17022613
7537,170.5325296
3255,394.9172645
10567,77.72123708
9557,29.11339817
10793,50.5788409
2057,-25.61536084
11958,55.63615784
9908,50.40269544
6971,40.38895035
1821,27.64362324
11339,50.7240975
8966,25.30998574
9943,63.30427814
10888,20.47004827
9265,77.483216
6307,25.70951682
7913,9.56409053
7738,19.01237671
12085,147.5384832
9432,230.6143648
175,224.1533459
7253,57.30297579
513,139.3704594
10635,28.95701462
2120,13.53742469
5948,77.14795349
45,15.20515946
6702,-9.126371036
9850,48.93848388
2492,77.86018604
5907,60.1691368
1458,11.09204091
1618,24.38630036
210,45.64087748
11477,33.35108786
2478,48.11038667
6426,31.00195487
2960,35.80537236
8113,38.81453279
9717,58.36947103
1704,29.65640685
3507,7.093135197
11102,21.00579071
9801,19.81303555
3952,69.17841233
1864,46.504635
8349,47.77427452
4353,90.07954814
9770,27.30001969
2409,146.8268031
3924,26.14060144
2337,29.40102903
4905,59.95090259
5603,34.7035957
7039,65.52245414
7992,23.64734662
5973,52.2772287
3338,13.1333083
4700,59.74985536
6470,33.62191227
1358,47.33406499
6467,100.1444443
569,232.6490622
12256,53.81988424
1261,21.82497435
8498,42.57267789
2778,88.14056103
6027,86.24234443
3204,19.0227847
1141,7.217226189
3905,46.42460829
1386,20.6337429
11170,139.2496822
2938,69.828283
9836,15.10976019
8395,108.7217797
4688,41.62429868
2679,16.79611295
1510,235.126007
8889,160.7368869
7382,119.707834
6564,193.2768871
975,16.62335381
6600,22.45974345
6290,49.13194447
9185,53.84873818
3991,6.896940172
12252,72.44963354
8050,31.94128718
11572,29.56016024
2620,5.447368533
5396,160.2189372
3104,101.583889
2277,37.5340423
11985,41.7776641
9115,24.93759426
4547,16.16801685
3176,89.80596347
42,27.407274
11787,13.46387943
4876,26.59201479
293,14.37639007
8693,61.88751897
7995,400.1311492
6953,81.67260221
7996,227.8730014
4092,28.414385
8622,61.61597393
4521,30.03023124
6246,17.60969723
11186,68.23278046
2398,66.99365314
5416,61.28600953
6777,-24.52341206
10874,63.24926804
11316,120.7023244
10665,31.55239413
6965,38.5351725
5865,34.94173579
5937,43.81638518
10426,29.17009139
5887,24.05649498
665,58.98864592
2332,25.48284043
7298,43.78164444
5282,19.04655947
10694,24.29783766
1506,403.7727144
4895,136.1541721
6249,255.356233
9685,10.63163968
8769,146.6749099
2870,6.354341668
12211,78.4098095
9929,137.69158
6862,15.90411243
8303,19.15384928
1124,14.76091022
10831,9.482866317
4059,47.03441073
8906,363.4421628
1488,33.82140045
5299,31.88471228
2999,-5.287968048
8437,49.75848226
8744,135.9531965
11825,14.72482438
11462,10.56580108
4362,54.44239064
9138,29.18007107
5644,9.099477589
11096,25.37346233
11162,27.65333731
9596,35.99714339
5653,17.63938501
8278,101.9908195
3139,291.4513913
2101,25.97623991
4721,106.0564233
11455,41.37722125
4041,102.6091766
8687,22.48523997
11762,60.86812215
2429,46.90010514
3731,70.73617475
899,52.20983774
5800,7.129750141
6236,42.0071859
2020,22.5399126
2669,27.9831814
4309,34.27872692
5300,38.10477999
11090,46.77856344
7142,122.1815368
4652,9.094032624
4049,52.82855351
11863,228.8808355
12165,56.44431679
6125,61.39880318
7558,36.54931847
1617,13.5258821
4026,23.28063376
4415,38.8927063
8664,38.9587936
3997,34.44536418
5428,13.73305569
3702,38.71220678
6498,77.29241346
3801,87.52903603
2462,734.24178
11839,179.062707
6880,28.93473344
5256,31.04527374
1316,35.76173708
9245,39.1942713
7428,37.94491657
4053,30.16446766
2889,100.0721085
11086,63.0472137
1551,6.466700466
10738,402.844525
1659,50.14752359
989,70.99485657
1944,227.2952669
5023,-2.006526355
4928,22.03074506
7525,35.3731241
9547,44.94145183
12163,43.24092342
3339,20.75277998
5113,27.77125599
11925,22.16795632
933,254.3829832
7261,91.57811631
8465,37.19989963
1092,38.39001676
6588,61.52966809
6853,37.80543558
1250,48.3170529
8168,48.4595943
7904,7.895612911
5812,41.90843879
10762,25.99164874
439,15.66833905
344,28.70457212
6643,362.87687
8896,14.79229042
11365,29.29595129
9806,60.64964741
10560,160.9120869
1039,23.63280284
1079,44.11888793
7288,76.49715016
3169,146.9294396
288,30.72026506
3557,25.05961253
5332,46.83571506
8596,22.33613676
10903,44.81952214
8536,31.30361718
6087,48.69839019
90,10.26920008
12112,23.06951676
10957,35.92327507
703,85.70105577
11671,48.63665282
4329,25.54718098
10828,28.95451891
10031,89.44234005
7666,41.39341113
4893,100.5619976
2379,223.1294668
2578,73.41318413
3926,-4.190554702
7259,49.80371081
123,25.43022339
6946,36.84047584
11250,27.50044398
3840,36.02105179
7496,54.41300065
3283,51.83575768
8756,62.13602424
818,74.10080833
5630,43.3518494
5446,113.2671162
9493,22.32112706
666,38.05080575
9905,39.6080124
5253,90.59382066
6491,42.02758026
379,39.08229431
4791,36.15217891
779,46.03572204
11568,28.78342352
8234,41.53428623
11503,37.86339268
11633,39.03511223
12101,48.60226241
11047,30.12413843
2494,78.11519507
12053,66.80984766
7661,59.9497034
3975,25.6473593
11610,97.21637915
6963,43.82622671
1066,114.4837782
6479,34.20326986
11453,36.36880945
4330,163.8599268
2074,12.3488678
9374,175.9564673
4723,169.8229759
4421,362.3034116
8496,35.72766065
2548,-5.198147218
12233,42.76638896
6304,18.73151256
9889,15.13058428
7660,63.77604699
4585,243.2146504
8872,34.63852185
254,51.14343104
10117,31.79084341
56,101.3492503
9064,402.415925
2887,114.6291043
6192,34.70744366
9463,71.06058135
9216,36.64395544
7313,20.64450256
3476,71.07494886
1147,88.8337682
6046,37.60783941
11570,48.81929659
3236,39.31086134
10130,17.34208875
1475,29.98412513
9983,285.5349795
6375,60.17825628
7634,61.85148581
11678,179.8369014
7955,119.8477133
4150,59.60539539
10380,44.87175667
9207,221.0329029
8201,28.65611134
2030,19.41068289
4454,46.56926742
7232,228.7820884
10807,16.61098433
8175,37.00220934
8133,9.704816892
5905,81.61108378
9867,147.2182258
9990,111.3411839
10893,82.66589765
7308,30.74516218
9713,25.43389201
1846,100.2238411
402,22.96922238
1397,90.6582906
7824,14.27186035
1326,262.8401948
3778,30.27436935
5125,579.6016859
4884,28.1572132
3004,52.42689324
10291,32.07448735
5615,110.7963055
8374,16.44410454
2183,13.92115309
1214,83.33404771
10093,48.16172657
5880,81.45936313
8859,13.05802125
137,71.67940943
4184,48.53538363
3735,39.0176102
7127,-1.663564759
7745,30.80236109
10294,61.79097477
2333,46.87959819
12243,230.0700794
1556,47.89962971
7367,580.171161
135,26.0566351
6423,9.283386545
6169,94.80610594
4674,35.27647999
11733,26.30626022
10125,53.92836024
12120,61.22179067
5857,28.99599508
2827,27.64299199
8171,23.99512508
8984,83.75986942
9554,15.1824226
535,17.75217357
4568,42.82571864
4987,26.08917257
4649,26.62382565
11510,19.24867227
6894,8.4889734
329,34.13513977
2530,12.17067606
5101,14.85125452
2093,362.0050617
8191,308.6615377
8634,120.442609
5367,69.61191182
10764,24.05233015
8670,40.81257145
1139,23.22412023
8123,35.50802442
6337,-7.886209799
8046,22.19167679
10844,16.00619814
4679,23.89648411
11861,49.03653603
8031,34.17027142
7494,24.6058386
5353,81.46702214
7647,92.83869807
8556,31.52562741
11361,33.47598973
1303,24.99957334
7069,39.87759859
12111,29.70681096
2189,19.78901234
2091,109.9105532
10820,29.92802888
2824,28.89296544
477,64.2985424
6558,28.58581328
4704,44.66692341
2626,6.660797442
11849,33.53218611
12117,492.6635672
472,32.78212408
3437,-24.44312331
3604,80.00153507
981,18.20473375
6616,225.7273505
5046,92.29849484
1395,66.55524008
413,42.47723134
5702,400.0780722
2634,49.49338702
2104,29.79063638
2346,38.78624729
9878,62.68333896
1822,27.22255486
7540,54.71110999
11279,-23.38804657
7014,27.90018737
6738,43.90011031
1007,17.75447868
8968,8.224415682
8452,28.57147647
9411,7.868669913
7566,22.20050238
5722,53.47447654
8112,32.59446508
8342,81.14212612
387,45.80495815
2368,37.03036827
5650,13.92795986
658,66.16946219
4548,30.89609409
606,48.52312745
6555,51.25894803
7050,69.3110851
3018,37.69894556
8895,77.54623624
8605,24.10482623
493,13.88128536
6280,97.99093722
10252,34.48993138
9050,28.7651489
6399,54.32492955
3067,51.17608497
4614,37.23536292
11255,32.32619285
4703,80.46725254
5077,20.07383243
495,25.6847038
1478,0.077195422
3458,23.13975866
9149,23.74349096
2976,29.19315226
614,110.6816492
7960,48.81318872
10060,-3.646260858
6328,24.78478148
4804,118.4842565
102,58.30815733
9623,111.9664515
5721,48.24311606
4512,23.8318274
5460,25.06585244
6378,54.2074909
8751,26.9984103
8474,-4.750187533
12054,49.81651685
3415,11.32127735
4468,27.09188169
542,53.45682859
11945,102.3324832
8770,93.12303735
2945,31.24035126
11928,25.06419704
7784,33.21225828
11592,69.22654387
630,71.91772289
9244,49.28386832
1851,120.6953128
1606,19.21670823
4668,-8.315805676
3358,-4.331429803
2843,25.63836457
12173,42.98956313
6734,24.40528576
2939,42.84966064
11306,274.9318954
3762,20.92253317
4002,0.844505255
124,39.02667149
4973,125.0870949
11614,89.52897058
2672,31.69677706
6940,65.86700594
7962,29.59275508
11786,13.86107773
8331,230.325644
11828,25.28275906
1110,28.16342117
15,12.26743325
2148,23.27716609
1877,17.18448161
8463,20.92346453
11183,15.12686975
7623,80.81953924
1522,49.78353667
847,5.292482784
4498,75.78281669
393,73.89215578
8325,28.72088458
4442,228.0677549
11612,92.15450962
682,42.61443034
7708,153.4000443
6107,25.36064496
10160,580.6308995
4689,53.49433079
34,20.66906822
10967,26.8858107
11028,53.55645669
5517,735.0087623
931,20.1468772
1266,192.3000524
8335,136.0753845
3276,32.07808774
8354,363.2981012
6676,47.14272578
2158,23.67511551
1637,72.26754289
11968,30.16935663
841,6.541014707
683,17.63680316
1686,38.90153143
164,14.87471343
11561,48.45581084
4240,29.74014051
10447,103.1694333
4268,25.85926078
1140,44.52469542
6289,47.14753165
10355,16.47843693
2249,39.39872013
12147,138.0118374
7731,45.92355403
7585,90.09155648
10591,49.05119338
1758,306.8947585
4467,67.4674082
7228,14.55209967
8967,23.25832129
510,38.18602473
5529,109.9436553
3961,37.67240593
2464,228.9541358
5883,48.42925723
4637,31.76716586
10419,60.62837267
4974,124.1071375
7199,77.12201767
10226,26.9552055
9657,27.29315645
10423,27.17341113
6449,27.75871479
3894,145.3598333
2349,145.1595392
5018,49.23403647
8999,44.54259598
6196,26.22101683
6083,76.83628428
7327,31.3305075
3921,91.42560043
4351,87.673496
5754,24.08298316
4990,493.4684448
81,32.73121639
1912,12.8812504
929,12.3229076
5232,21.48212315
9698,-6.777601144
11705,64.97974929
3293,124.6596898
10908,33.21041192
2028,13.12532934
5926,48.24299163
1558,15.59016067
4584,219.7192868
2070,42.30722823
10014,42.44633068
10873,71.04297397
9820,26.86024882
10568,14.96729125
10638,35.98680687
1008,48.35174683
2662,38.13806771
11636,13.77494379
8386,71.44160032
9027,53.89303955
11540,53.29857197
2311,99.1941673
631,44.57635253
3929,28.28366703
4641,28.36466078
821,69.37972884
190,57.62419638
9091,-0.751579257
6153,-9.271030163
11298,14.57578375
8118,29.56168623
6062,31.76966885
5138,102.898694
9155,24.2492862
10791,73.10665847
2475,79.77061789
3177,88.25168196
2496,52.37585515
6099,78.66580395
2220,44.14564477
5225,28.18139833
10685,41.99147028
2017,30.30271205
3638,48.39012702
5745,30.81547628
2173,19.61178005
4207,81.03056389
8066,24.74591706
11760,31.84230986
2216,59.22857672
6468,69.90063259
11983,37.36286957
7487,24.20825784
10767,48.74642114
12122,29.99716813
6707,30.75509085
12245,93.95494428
2546,-4.423710043
3459,254.6418996
4706,37.33386606
3874,123.8182176
521,51.81243094
8729,100.7099363
8577,29.35875286
10814,27.86192192
11704,103.6810828
4993,92.09727895
7117,31.13336195
6840,14.62937347
8805,29.55466325
11562,53.7041032
11367,30.07308633
12043,38.02761275
11366,30.17047716
3811,41.09433815
5103,-24.95201214
11427,82.1760764
5043,94.94683931
3969,22.91374389
8065,24.74611622
5025,27.53432246
11026,47.45568391
9490,38.65992675
10190,-0.716457727
2725,22.0974056
8720,54.62581955
9848,48.2369188
8324,37.16000215
10982,120.0478237
2783,46.32179866
4857,34.42358521
2392,32.04442223
884,39.87946923
7990,17.54530801
810,41.91261458
5608,7.369605432
12069,27.86158524
1924,124.1703461
10177,72.53435582
2381,279.2701182
11289,29.33522156
7369,400.5080663
6885,43.66886501
4654,7.9190999
7678,292.5793879
8100,81.95216166
9403,62.23902258
10993,27.56788548
3390,58.72552006
1664,28.49290931
6528,14.02197563
3065,70.61481726
2978,58.96885752
1961,20.26522875
3260,137.4062011
10478,29.30859571
12223,200.8879576
10176,49.9928403
2356,101.4788626
10501,101.7310905
6215,53.18308759
9797,33.27487197
5852,38.24884164
10457,53.1621815
3983,11.46215245
2724,23.75916467
1248,26.03580313
7111,38.64047801
105,51.19870239
5139,362.6684104
1650,118.531569
549,82.30520292
5475,87.95763611
1594,27.54470535
7668,38.15700395
1130,43.01929753
12186,25.82372096
9874,103.5375491
5454,67.65501024
10756,49.52632723
10737,401.3612833
4948,395.3420805
5158,48.96024098
10242,26.60660023
4116,30.94679678
10279,24.66819542
655,79.28685443
2917,30.52670796
5123,23.57015118
9903,30.09797907
7006,38.62419864
7655,64.00836137
6764,53.32774671
1661,17.98973223
9810,28.86732345
8373,14.83205744
4617,48.70314523
5411,88.07647778
4249,17.39279937
8706,88.65884483
1331,49.55555257
7910,17.02222963
6279,-1.461531221
470,31.74346126
5075,13.78847887
6830,47.75252822
6333,23.03433563
10880,66.86030138
3241,22.36840991
9477,146.7879027
11463,12.96481216
4594,71.36028393
275,27.36086989
10655,96.36913314
9991,95.47374836
9215,32.78559587
4404,159.5981357
3124,20.79559922
3709,13.28203824
6310,32.1959651
7930,43.68013057
5679,-24.81273032
9822,24.68230338
2223,53.2570147
5259,60.76176116
5412,102.1402197
10039,39.05858344
8111,54.85138762
8733,18.53174973
4456,37.37651642
10244,32.93645793
8503,17.11344398
1811,26.93219768
2550,34.04164112
10561,139.0001101
5506,30.23228843
9754,459.6129998
8852,24.80438546
5528,50.24366652
930,16.63644738
782,30.4826032
4719,24.27857932
8508,18.17518922
3468,242.9291161
12067,43.45704383
6846,16.28622123
8883,230.4697057
260,27.2825912
8480,21.98786644
9792,62.43063563
11098,19.86718696
4107,24.62092248
11677,200.742701
9750,40.47565929
6882,33.89111029
8655,459.0698832
7721,65.76843572
8881,21.88413363
7351,35.44770288
9946,48.95899083
7612,14.28270257
2180,17.93708181
5547,124.2470168
1555,15.77892712
9780,24.91167459
7722,60.65985876
10839,32.65581981
5629,52.3602331
12027,26.23016443
1349,124.5388603
1660,35.35325608
9537,56.92155593
4930,87.88092345
2977,115.3016693
2519,70.07009209
4955,134.9087769
9882,47.42952454
3682,27.03980066
3009,22.73720713
10736,581.0241789
11888,27.29477434
2034,11.08832117
11245,21.63939128
6537,280.2203952
1013,31.21893123
5642,23.34254313
11417,102.1836417
5726,25.43652464
5468,100.7014786
6053,30.37734588
3279,147.8775734
11341,48.42735712
3667,44.45129479
9712,25.43409117
3295,97.06144225
1992,5.318442988
11406,55.41227087
12072,62.9995975
5927,13.85629324
8466,12.99830111
7999,72.39272332
3348,56.30270978
2592,53.06974762
5727,24.70843757
9001,44.46540315
6900,19.02903059
5964,70.14180304
2567,20.9540872
11817,43.43565367
11472,48.40685037
11601,432.8845231
7746,38.9215912
1891,29.17426623
1405,27.51635719
4482,24.17103537
10372,32.80916616
6589,41.56169283
761,29.52163495
9516,23.65697798
5105,81.72336845
7453,27.00731083
6510,84.31128074
10805,23.0794109
4288,83.73782238
4918,23.80989507
7394,24.86107141
3359,27.10412911
1053,6.29717623
11485,45.41367837
9915,69.05253883
6296,26.18454779
6270,53.40221103
3915,69.77952033
8734,18.02870198
7089,52.56296209
9009,18.16927684
9161,7.984361231
2526,13.04102806
1624,26.38263873
8248,280.6416264
4128,24.91852334
7195,135.4786504
4628,21.21412967
10255,35.34079551
8091,38.18369733
256,53.1276447
6530,34.85238445
4101,25.20526746
88,32.34861008
1696,35.29511698
3342,12.87517491
8826,193.8423791
2909,27.9095794
9812,29.90598627
2325,92.93289682
1589,24.5199619
5265,100.6148963
334,22.19807768
1622,22.58235373
1991,-10.22011224
10170,125.1250831
2162,9.432205236
4954,50.10398637
10288,91.62303427
7554,35.36734848
5863,33.40647609
9129,11.0926334
8250,51.49673171
8291,70.59594769
8014,22.06376178
5559,27.7107193
4140,53.34967166
225,43.79907669
5304,48.82032038
2280,31.21598628
11878,10.73694839
2033,11.48551946
8760,161.0729508
5646,28.57492429
2001,82.1026278
10096,25.00570013
6392,24.70737856
4205,43.42287304
3883,52.82474017
11205,26.15741875
6594,37.75269769
8890,135.9030681
3457,20.40579359
6412,35.08679324
10316,52.23336528
6025,90.50854654
7071,228.814153
7671,27.78156423
7710,101.8499444
360,104.8937409
4211,37.91086097
8328,735.6134874
848,109.9677148
8780,62.14002315
8864,38.72424228
6994,59.94701686
7221,48.45237229
11676,364.1604795
6903,31.66172773
8375,98.33569125
1474,15.25604789
3844,734.474537
9945,42.92066598
8371,26.11941054
11345,32.24016003
11848,52.55297181
8520,237.0318689
7924,35.58758218
1792,68.94071498
490,48.85208706
691,49.61161335
12185,22.7500968
11399,24.91555473
9046,35.87212061
11175,72.15613294
9835,34.72972429
6688,48.40321609
332,31.51531226
1826,47.9483396
9353,60.50287654
10173,103.9279076
715,22.80566498
8631,62.67999202
2812,31.36863883
4609,399.281517
6355,54.13224625
4878,25.6918401
2649,83.18999978
1449,27.37881522
9105,31.99893855
203,20.35728371
574,110.2567711
2556,22.13106352
8724,30.87909087
6595,22.33365117
1639,40.7075499
5164,26.46213529
11480,39.7651406
10973,71.03540061
6388,28.74068969
5595,86.13452713
8939,47.70801862
7272,24.88536884
9438,138.9697684
127,13.1467251
3663,81.46681813
7044,9.224742275
11353,23.22426919
8412,-3.826041515
11611,123.3234745
9628,80.25035876
9854,62.67934006
11980,39.91955853
1986,29.66334123
3108,60.72967886
10346,34.29162804
8666,36.49949547
7859,95.65599463
7594,77.05401844
7386,32.3890534
8846,55.58134101
1070,96.48754904
6942,45.23719523
10686,21.49672374
8530,51.68979687
10538,89.05001636
1626,22.28998208
1976,-2.66967589
7759,735.5782375
3224,34.28011965
302,33.71320371
1849,89.52694539
7782,23.07207119
11328,25.85556181
156,68.13076127
12229,80.4943382
3052,92.85440795
12164,49.27924827
9101,47.85748362
4860,21.21185143
6829,98.13559635
100,147.9779681
6545,27.012837
10747,125.5181634
496,29.79405427
8104,25.12841059
3818,40.84357534
11794,72.02442222
9647,73.0804991
4504,81.46749034
2583,75.40221399
6828,-1.316872094
6314,28.98784336
2146,20.69245271
9444,77.69089537
10105,29.46485607
10896,9.899125352
10922,37.77563218
1459,10.69484262
6654,35.32230554
11884,20.16017949
7143,89.23979926
6114,493.7525849
8828,148.342373
811,41.80861713
654,90.36039795
8979,95.94093138
7796,35.60286078
1926,77.46491506
1481,-25.06955804
10131,32.07016598
8158,25.22272869
465,93.79554855
4457,37.27251897
4744,36.21206492
58,98.54566542
2125,15.98523249
739,84.68831455
3539,48.60966742
8757,30.91639975
2565,4.230082145
6061,45.49415731
10464,28.24130265
3675,145.4446849
10884,82.03022232
7038,33.76278737
289,32.78736782
6666,92.52607818
3446,41.29285243
6714,145.261042
1999,91.6353453
1727,26.41316677
11913,21.33160532
5426,36.33023586
6010,-1.949098987
9984,264.9258373
909,14.16214478
668,45.53488806
1196,60.59369753
554,66.07916148
2324,134.4378258
10066,23.29344282
7777,47.63419605
4097,24.21311555
7639,77.57316786
7214,78.9517365
3032,64.54250237
8124,33.97216724
1995,73.27529642
1146,108.2575314
11900,26.21504169
8500,28.62068893
10114,13.17808176
9939,61.48831049
11881,23.07159584
4187,25.61795267
4622,22.85789257
4025,20.54666869
5386,46.83958937
3318,8.827663207
6386,29.83845733
4514,43.40384478
11243,29.28561077
9052,28.18221521
4749,8.854786464
4446,105.6756629
11571,29.5603594
5363,36.29225737
693,216.8014834
170,409.1187424
11896,30.31892031
3026,99.30576599
11290,28.75248703
9061,256.066185
3734,48.75715117
1762,67.82426366
8040,30.14012878
4783,59.88499669
3475,118.7079663
6706,22.69263014
9031,35.72877451
6033,61.7675874
4536,17.21386981
5223,27.53083096
1168,30.53919591
3207,23.54801098
5147,48.10343592
6119,106.1044622
11097,23.46901666
10214,17.67620152
514,97.86553042
3494,37.46490002
2109,97.04364757
1238,223.10271
10189,23.6588516
12032,36.21717398
1786,104.9354388
8447,24.82611863
1694,34.9232152
8832,91.43818456
11123,231.0395792
1562,87.19499813
1526,27.82657335
4998,87.90473299
1086,18.35824637
11134,81.85606127
6497,160.507658
2871,23.92682979
6575,90.65300651
4466,47.82975772
1595,9.037133411
867,58.4660062
2029,39.90542943
10754,52.26285692
9123,27.43670754
11079,90.23389134
6043,18.58795897
3641,25.47269606
5803,24.18062423
3597,114.7416987
3974,28.14592589
11154,80.20043928
9696,25.71864453
2849,19.91156479
6870,49.47025329
585,65.55011629
1689,35.26375407
1047,22.56210119
6453,76.77326404
1035,20.7940092
9242,82.89568423
10826,35.7350707
2816,25.89883183
9169,32.04394648
4600,30.30952511
1709,59.97647895
11808,-23.23940425
3780,160.4195203
4672,23.49890335
253,41.65986239
8777,70.85155584
3361,28.14279192
1162,25.96465845
7794,38.38649812
8458,26.78650883
9382,96.64411574
41,29.88467173
11886,31.34677677
11499,28.2239077
11690,43.35470014
573,96.53352881
5231,24.61348759
2806,23.91055068
2958,35.43347058
1535,46.2671009
4852,37.44784862
7574,38.92753168
1296,17.75538506
745,29.3320056
10139,84.74626765
1242,50.09846665
2295,27.84710057
3636,31.35672977
4737,36.18070201
482,30.92604047
8346,17.46589982
1244,58.8158907
3665,47.85500222
1166,35.62191194
7371,273.9376041
4685,18.75019274
999,25.20751391
7246,38.09084989
751,223.9373132
2622,16.83306795
6300,21.94464288
1311,51.51373094
10939,46.30497694
7846,25.30240934
5128,401.4218329
3670,44.78281516
7331,70.88128952
9651,50.24055312
9719,20.28760064
5567,145.7886325
9613,401.3311408
16,30.72887932
5632,53.73429127
2513,105.2986451
2524,36.99929943
610,284.1947854
10409,49.12814358
1929,69.00508137
3006,47.20167635
5342,109.3277511
6213,7.470398538
1560,398.3647683
7667,38.2610014
8334,264.2384598
4797,33.19311303
2756,53.23896811
4606,-1.89033046
10005,200.5677002
8871,27.4378227
8241,35.27361563
10949,90.9455701
8817,68.50922301
4447,90.36609817
4735,25.76281095
1277,89.67617179
10557,285.1666645
10439,229.4133724
12021,20.13289467
712,27.28046408
7528,29.02164326
1122,26.60357482
11773,10.67280365
10293,74.35358374
3737,227.9541646
1501,19.77935885
7274,22.83350524
4666,14.44263088
10556,396.5111734
3805,64.77036045
3234,31.20709947
7682,106.9880134
8869,62.47275954
458,36.15081063
1307,87.33248965
6477,118.9130557
10546,27.61222606
4560,43.11530506
8189,34.04155018
10118,23.90455826
3054,73.40742563
3835,51.77304565
3398,30.53566823
7521,41.68465217
10002,32.47599627
4926,38.21323251
279,28.22135093
1614,21.68819013
7163,7.300389687
1740,28.96805086
5449,26.73189409
2739,35.15386114
9653,27.32332132
11507,71.18304713
11215,112.2209893
1860,73.96691622
10085,49.93826292
11509,34.9043268
8841,60.94499467
12047,101.5731113
7330,7.755932766
11939,75.04175785
8947,67.66270781
5623,82.90525833
3438,-25.38240466
2142,14.81216365
5371,33.33279318
6383,19.33528025
8402,28.08637208
2770,23.60184102
2211,96.5205776
4076,8.734823087
10798,32.09510259
8748,60.45317267
12200,397.1997458
6284,88.54054615
4838,102.0005395
11060,52.39371605
3713,307.5213924
4526,13.64381975
10528,19.27151825
12097,64.92435784
8169,54.48155874
597,25.61683329
2352,137.1959051
6756,12.17987162
1512,242.3026814
7409,17.88193873
6797,23.99875126
10527,19.47291177
11232,53.78431937
7966,25.27851023
8580,34.31493054
11844,364.3810183
6214,70.59575529
7306,24.54536423
1442,29.9092335
6629,110.2325752
7215,79.20694468
1884,11.1451888
5704,401.5611147
5741,48.98728534
3486,24.13876323
6957,24.84885114
9283,18.6762097
2932,457.669696
4750,11.25379754
6492,28.42959856
9313,52.7261094
8223,102.8503708
6893,20.70372883
8514,402.271465
3115,40.26780444
2247,31.12536687
12260,23.04004119
3147,26.16559481
2720,26.10695789
6263,103.182635
11002,161.642426
4664,24.18083832
4048,47.81431682
11087,42.94722366
6364,115.4606129
2782,48.61833988
5903,34.64384792
11622,56.2984627
3377,94.51664595
5739,49.29941375
6951,29.97992991
3821,17.81330625
5801,25.34732258
5021,7.96847362
12080,53.44502353
11754,71.18053763
11231,60.71987815
12215,50.27191542
3106,70.20718317
9442,95.07509167
2572,8.976236021
4241,36.02548745
8217,92.97917486
2291,23.85122046
4496,96.90901721
9399,37.29211087
8487,15.70088663
9734,61.28726325
8319,52.91199601
4567,27.04346401
8940,52.95631098
6075,135.5094942
5110,34.60459379
6763,70.74041442
6539,51.07550053
7204,25.50566025
8021,26.28694027
10581,126.2561878
3910,20.8930576
2444,35.79108299
6496,16.59555541
1796,66.75314513
6318,33.74943855
8064,24.74631538
419,44.33513775
2769,26.19814582
1831,163.087638
6681,21.61117509
7688,113.8365914
5024,-3.901236449
8926,494.4625368
9038,22.48158925
6863,9.449754032
576,94.94700717
9993,78.08955206
5647,26.0763577
11001,16.67126121
6911,27.86965933
5112,28.51262557
2521,45.33957
4171,457.9309328
1951,101.0515269
6019,136.4383122
10585,79.80576578
6073,284.2817117
5496,18.24170717
9667,31.02671849
12135,12.17578869
6172,83.04991745
2540,48.71156287
213,21.76367605
11683,80.34908159
11822,17.97641976
12246,139.5433819
5087,15.50052476
9962,37.84976953
5826,65.58087423
8366,41.75855489
1259,27.90075273
6527,36.61895664
12174,33.34638062
1498,17.04763455
5740,47.00287253
2163,32.79896235
7734,34.59097011
10900,221.457719
5733,399.5656572
241,28.4234734
9131,25.49652588
8685,9.848878541
1809,33.50663727
1062,72.63605703
8935,64.26143264
5656,23.01522396
4820,29.92250683
3285,37.19095776
8094,51.91390448
7420,23.50726816
10654,84.18926613
11039,29.41231456
109,36.68299021
1537,56.54040084
11065,-0.669871002
11391,32.79988146
211,39.97529436
9948,54.66583919
8299,34.73244269
9845,70.27842034
6580,60.37930351
1972,91.05176915
10051,28.26595358
3949,75.63815756
1565,36.31861414
7979,21.14359054
9508,-0.613777587
6339,18.88676137
1065,52.94609615
2079,578.9383372
12220,32.79625371
1219,69.30883081
1417,4.924964437
2298,80.80546587
8660,44.25024612
980,6.834417972
5373,33.33239486
4149,80.14699083
3785,28.15966911
5171,14.19977759
8880,735.757549
4733,28.71185496
8142,61.74325816
3508,18.46345098
10161,400.9680039
12078,72.88375582
3043,59.04940065
3334,46.28433067
957,29.76507449
6743,30.6036896
4986,25.26957927
6776,-23.58413071
11441,34.42736597
7292,54.16567958
3705,16.74429585
1076,64.7488978
8326,24.81449277
4300,51.84842946
11135,15.36236307
8611,7.839901264
3514,16.2165954
2676,12.60589616
5780,24.75814671
3988,27.76192547
7432,47.30336616
3745,101.7102255
5162,21.10443058
2506,13.46054922
10739,406.2518354
3784,10.02900427
790,30.61272992
148,17.42732938
1321,20.34180692
432,40.62680558
7091,38.12171957
1060,30.35696064
3121,34.007333
12161,63.62453557
5328,59.51682351
4036,243.0699912
1315,30.93709494
1706,114.792808
4455,51.81755978
3529,22.56757852
7479,15.15238369
3182,68.38774719
2949,39.41198597
3057,36.32085549
4410,76.40748504
5095,34.73468243
2203,72.66281387
2865,20.09594828
11202,30.13715001
3612,37.04375117
6651,70.35062939
8643,37.26449525
1731,75.42771602
160,41.46625822
1341,16.06703727
2985,31.32957656
11396,25.20772722
11811,86.82242631
5104,83.71705404
10430,17.33604824
11072,102.7043563
7441,9.58863754
3408,40.13878393
1615,23.26408953
9781,28.68901819
2099,31.15603037
8130,28.00183988
4084,29.34465147
9135,26.48867779
9310,78.00236542
3648,35.55004825
10954,28.89348281
1087,36.60889441
4865,490.8059019
1236,20.66361679
8295,48.27181252
6146,26.7140598
7435,31.24088982
3517,226.7330553
10285,25.06597534
2810,29.09038525
6551,26.12063934
2367,40.16277801
4841,63.29880773
1134,60.34499309
6985,15.87961584
4395,225.153693
1012,30.63598037
5359,26.65277239
6886,34.74177526
3088,24.21652654
10963,55.19509557
7849,7.939279773
2595,46.60705198
11702,92.22316603
10902,71.7981445
12084,230.1017457
10175,120.1675724
7465,28.10030614
7381,363.2378856
1685,27.79490702
8357,125.9371253
840,21.57492032
9830,40.53972956
10734,24.99264417
6519,63.49529259
10853,26.62714805
9314,50.18581811
3895,105.5314021
8378,146.4987836
4519,34.27864442
7419,49.52593214
8811,33.5599921
6895,14.88052995
3007,24.91515257
200,86.13692229
6536,292.2988327
4408,93.79168134
10389,54.00407282
1568,45.80178447
1712,45.77868866
7923,43.96951783
381,32.73101262
3971,34.13378613
11967,82.95999573
4760,46.6956366
2010,51.5570051
3608,65.00661923
9883,48.28200497
5853,35.78974266
9869,107.3895954
6512,88.36519855
11348,22.92375017
1827,31.64895208
3189,54.16800934
9395,53.20569577
9020,23.86923757
10270,19.62785168
7395,23.19931234
5124,255.0722921
376,40.68892787
9071,178.343992
568,9.948089498
7004,8.335533487
7249,21.75205019
4317,50.50204216
4387,23.82099818
9598,29.79974914
1344,30.39035374
76,27.49903438
378,41.57605206
9414,23.04220902
10257,26.51921865
4988,15.59447243
9588,-22.62018118
9003,24.19715422
3857,93.64742053
10975,34.75668029
794,14.60046516
1645,96.12530662
7998,89.38692773
10061,29.60239804
8573,27.29224758
9423,23.16750467
8490,-24.10257919
8690,116.703848
7945,251.3453095
12208,111.6614413
8092,41.8249298
2019,27.05869482
6123,63.55148068
5525,137.9710956
748,43.4329868
5165,30.35137334
4170,24.13392019
4091,27.44266746
10000,40.574375
588,49.35983122
5473,95.64464637
10763,25.71408923
10135,15.88066729
8784,46.88620872
1022,9.405249236
1,23.33516607
586,50.29689935
11416,68.9352269
4953,137.8310172
4314,291.7253743
916,66.69831063
6327,20.56245541
5387,27.94655769
5586,66.80809672
4659,24.76498413
3357,-2.436719709
1934,51.97978753
5699,23.709433
5091,52.89894747
11520,136.6703182
4151,52.56532785
12,53.5329961
5438,490.9457812
7064,77.43368688
4646,43.09879235
696,44.56987754
6216,83.00003699
7383,72.07481655
3603,61.39538673
8358,124.9571679
7210,363.0179442
11563,42.39527042
8543,48.17336109
8707,60.10653075
8420,23.50316922
1789,89.62547568
290,32.88436033
3123,27.43289342
10467,29.01823853
4109,24.32894915
4808,134.9591044
2377,20.69037363
7687,27.29339225
9340,14.73192759
9857,17.70416406
10309,120.6170123
4221,108.6611069
12042,31.74226581
4470,91.57025955
3407,13.35868384
2714,78.32537759
8572,32.7614571
2192,22.68525307
6440,27.03619004
1453,12.73185079
3799,121.3233408
11752,84.47858439
5555,35.03318644
11819,33.93902828
12160,76.74152949
4589,110.4290436
6939,53.28005964
8686,12.24788962
7447,30.19886424
5513,36.44985103
9141,15.44920849
8436,70.31736269
1222,62.51825871
12077,78.72127955
1940,13.06527823
9446,49.77061567
2616,27.52717686
1125,8.306551826
12191,31.94887951
8032,25.20740679
4592,118.9935005
2979,81.34904551
7389,29.45287577
3170,100.722147
5447,49.00516685
5228,14.45053575
3029,47.5499682
4655,29.29029751
6805,220.2929444
7709,147.7744848
1218,70.07520073
8532,48.95326719
4471,85.85038702
2438,52.60555938
7286,95.09164017
8925,98.48015122
11505,33.09002018
7055,26.57419172
1371,145.1003194
1129,37.50867957
9960,19.83983264
11201,-3.111508889
4133,53.55878788
4121,22.96587587
6418,36.640665
2097,50.17701522
8964,35.55820679
9778,41.20321621
509,37.60307387
5894,109.0899062
4950,263.3884294
1528,24.24061473
10241,26.45000965
2590,51.69549029
793,14.68109614
1064,41.07606404
377,23.32540402
3739,105.562471
8214,494.3503407
10216,400.4508091
8429,95.79647142
4388,38.06638263
12037,49.46703005
8218,106.7024171
10945,19.83919491
8148,45.92296048
2695,116.4178172
3704,17.2473436
7078,88.50647197
5033,22.2638309
5693,16.4030937
2270,30.05167784
8105,458.9254232
5451,25.83171941
12058,35.63213595
8457,29.28507541
8715,77.33875604
5767,28.74559425
10328,107.2257154
5723,29.02268242
6866,21.78440149
5816,67.51054315
97,-1.303847398
8210,62.8080294
7918,-24.24265766
6954,39.50852321
35,13.89141467
4941,23.96466151
5868,36.49620503
3554,42.80827914
7828,67.3775719
445,36.83374139
9121,32.32296621
1710,47.22836833
2069,26.5249736
6728,43.64116766
3290,362.0206656
3284,36.31120277
4247,38.85766254
8510,24.41958412
4559,67.24276124
4034,235.8933168
4909,61.48344728
6607,52.49096398
2433,44.69272174
9228,37.35101528
3773,37.78128625
398,22.11575387
6109,27.85517927
5884,46.97977671
2653,30.51150821
11654,20.92420117
10164,274.3973426
1061,18.2019581
3425,52.46875412
8330,278.7287899
7513,120.1578714
803,106.3601131
166,259.3616921
3248,15.50242988
2224,36.8121891
4017,31.93690298
6369,64.67651343
9503,50.62678523
1421,93.89021122
4274,16.02209704
10083,95.27910594
8277,101.412028
897,6.497148686
5459,28.29669419
8868,62.75638165
3531,15.04352656
1675,69.31782846
248,403.7060165
5064,30.96586159
12057,35.04918509
4912,54.58685061
4892,147.3482809
1042,24.75501366
5790,14.726771
1308,37.18111892
10948,110.3693333
1576,7.962733432
7711,101.2707546
3944,73.6491277
10338,41.08968915
9876,64.83601646
1841,191.9315383
8344,14.64822877
5582,13.70238516
11156,42.47288836
11522,81.82100021
11855,27.0098507
246,19.04124893
10381,25.54199033
1653,64.37998534
7747,26.25616667
1739,22.22814671
12014,48.55290361
192,29.5866428
6686,70.49763782
2713,70.97290982
5369,17.17488752
12108,28.92987508
1142,31.09144029
7247,37.98685243
10172,111.6031155
6481,135.3879036
2858,3.936219546
8973,48.34172017
7768,135.6185297
5503,25.6870898
519,51.11086586
94,21.65450118
10026,147.1865594
7856,111.3659798
12258,39.27484343
3506,-9.222825792
5661,17.30295035
5773,26.90796576
8753,28.80017299
7238,88.47460649
8399,70.91847069
3258,134.800538
10552,735.9325499
2853,23.49815624
8996,38.9556171
2545,-2.528999949
7815,102.6776302
11944,124.9040669
9802,28.14459954
738,98.33255932
1225,45.34368285
6529,27.50100898
10878,61.31342262
5198,11.41857176
1579,20.29738089
1743,30.17068177
5303,40.06047555
3941,5.69227427
9783,16.84635359
5675,1.273304494
6836,20.86323446
6841,-8.363036561
7643,49.75662055
5819,69.76354682
3545,25.14639664
11946,69.08367005
5263,115.1718921
1314,44.6615834
341,19.50712931
5786,18.74289888
5311,33.26241444
74,38.71987327
7905,71.02096966
5074,34.84527321
30,26.95209842
292,28.61870287
1231,13.04494175
4740,22.83439178
8416,25.16552577
6891,9.664105283
3728,14.81777823
2694,254.5402588
12068,29.6639454
604,54.27221942
7191,135.7952276
9204,25.41733052
6997,48.71538893
7241,71.16164255
11401,26.77200633
1120,35.66383028
9033,32.03484529
5264,67.3664815
3900,101.6793558
2647,-4.761722912
6788,32.65502047
7968,23.33919164
10988,81.67335369
9561,18.56733605
5227,20.27353547
348,94.87266521
6138,57.01704325
10374,19.44491973
10420,44.70153713
4356,59.80624346
12086,93.9866106
255,53.43957395
5540,22.50259601
11950,63.5429678
5994,28.42364291
4215,23.62749658
11997,41.52327449
770,82.77509446
7053,47.26958356
2446,21.38198002
7434,31.56974099
7454,29.07441359
2665,66.8579762
6258,243.6434496
5713,110.7131837
9079,79.85170207
4566,32.08156211
12090,85.73994768
3208,37.79339544
993,48.46664068
2995,43.29457708
11246,35.9868708
1842,173.900569
9813,35.8971157
11815,30.12020574
9642,48.71647775
5182,227.1634478
6508,106.2809868
10275,-7.146513606
9461,64.01115811
10768,59.01992024
5532,76.69202347
5572,88.04441314
4439,15.4498133
7564,9.56414095
7862,93.00765016
891,11.06196264
5493,41.27197626
4397,277.7341004
1217,62.75057309
9160,24.34548207
10554,279.0478524
653,69.4620715
1549,13.14314951
8915,41.90321402
6505,228.6728796
3330,62.83774469
2081,400.7586834
12104,39.40931225
4472,7.823814493
5990,50.9308414
8526,363.5178433
5738,37.51950303
2711,48.43159345
5724,30.59366522
9473,16.73322363
3134,11.50917533
600,20.55634407
2326,79.5885078
5179,16.64698791
6446,44.13126384
2525,36.89530198
1434,51.1637257
6522,47.17339631
11045,107.8422262
11055,32.1270557
5117,42.97037776
6148,-3.617096336
9147,22.48039757
1089,28.86142346
5581,37.55665908
6041,41.41683454
5617,74.07792694
1649,79.37490118
5126,399.9387903
4238,26.3680348
2777,226.6264355
8243,28.69917605
9997,18.15307812
10623,71.49153074
6101,78.92081298
11810,83.43597634
10629,93.13761084
186,83.14681082
12095,72.48090155
9331,64.20524455
10048,57.7623159
204,273.5447325
6556,28.87778661
7609,70.181387
1136,46.14740196
9933,123.1496686
5807,57.11620325
8870,53.05625682
6739,28.1506436
5670,34.87416342
1472,20.08160625
2975,20.427459
2278,46.17395964
9259,25.51144946
11515,49.66986613
7675,28.55830095
11355,20.01153718
2108,-2.408820869
1439,22.91985844
3814,52.83951136
5910,23.42943392
3332,60.68506719
7414,8.093002892
9406,54.26578838
10891,30.97322535
3047,46.99139604
852,96.36476576
1252,26.04378015
11111,63.32565768
1426,81.70914925
3878,69.63291021
2041,-6.262969177
6155,24.59983461
11362,25.90601465
1108,48.13200728
7003,32.21014591
6606,61.9074667
36,4.289028252
11729,29.24712951
12070,49.258343
10683,36.26816452
6542,28.98937042
9635,26.68999158
7582,38.76348047
6346,27.72818675
6742,9.388795842
12123,39.92826984
5402,39.4476044
2746,8.941582308
1467,6.129630339
1034,18.92630282
7495,91.16329584
11555,72.33444999
6980,35.22766834
8002,49.5529765
1188,58.91084596
11649,38.02178297
2443,6.208440912
11765,25.68929357
11312,125.6596359
10570,48.09393448
1094,7.787323456
8408,27.2795518
3804,85.66908523
10801,27.31931581
7470,15.02001093
1885,19.97548353
4183,39.7755388
9220,40.95703142
5362,36.31022504
561,72.20038058
1918,21.44596792
697,18.46306359
5584,108.0116286
4417,48.26899348
318,27.92200871
1698,26.23486152
1313,33.09599597
8479,83.56532983
4313,223.5062855
10574,40.20606002
1058,53.15521237
9080,51.83425684
952,50.15105502
2927,30.30034139
5817,100.758958
7814,88.61388832
10867,55.05789805
2038,16.6953794
7275,30.89596595
3947,96.76435809
10185,26.32645642
10766,99.12948927
6420,27.58040954
1262,-2.781473738
9223,37.31925406
8283,91.29352543
6550,30.99228769
4429,69.77717102
2569,25.06323851
6160,-1.437831268
10499,153.860181
11871,48.45127869
7836,86.70420147
2258,34.13611788
11140,49.9780165
6689,27.66553921
8539,25.14102918
11494,54.54599453
1360,24.52807105
10266,25.64270119
3932,24.02657541
2499,34.37182934
1882,26.95609696
252,75.96759068
2597,43.55076965
6056,16.80073323
9616,252.0285046
79,21.47175448
7020,53.40505257
10371,46.24222212
9179,98.18080661
106,54.31482025
5501,12.20281268
4810,80.10978644
9644,228.5607772
7773,81.00145018
11661,51.81619594
469,17.05918592
8072,74.03392378
1794,69.70648743
9178,68.36495508
7340,9.424211226
9777,37.37737188
1705,42.65078339
6390,33.10999891
7140,88.38802863
943,176.6607902
10539,38.89864563
7156,45.78407304
8788,38.54573899
3039,134.5494245
6838,17.74166111
4051,26.34987204
7867,82.32170311
1554,11.40828155
258,35.28488598
3767,490.5165836
4096,33.17598018
827,91.02580894
11029,42.24762391
4336,28.01235491
10300,101.6441099
5715,362.8076922
9469,42.78104262
3035,32.78203897
2981,37.81028968
6443,109.2345653
7425,88.82130056
4889,174.8177161
10615,38.68987014
3756,37.15813205
8081,70.32903882
7229,16.16414677
3227,82.82576428
9977,63.01408376
3460,579.1712933
6349,7.274409268
8719,48.60385511
6194,30.45903048
1848,91.15635395
7761,278.588114
11251,15.35244445
1014,23.64895615
1862,51.14999662
8806,29.13359488
10799,24.42165899
7266,28.1039968
6890,27.96082515
4282,493.355452
7877,47.84107081
6121,102.2530133
8004,47.44344463
10263,15.47974936
5462,-3.988468208
5996,26.86817788
8787,41.67814872
2150,48.37830451
5220,34.31158191
856,82.0766676
6190,28.00598447
3879,37.3882237
6972,26.33328193
7753,34.35338594
5837,29.69379821
10860,55.26701427
4259,134.8144453
998,30.31155439
8272,431.9181129
1657,36.41711728
10169,178.3793127
7068,49.61713956
5652,20.21331341
10580,179.2935856
6336,14.8720276
2318,64.43070452
8894,81.28618777
4680,23.89628495
6142,49.51817658
3790,174.528597
5376,118.6243349
5306,39.95855784
3083,31.70353297
6199,14.07261899
61,85.90832087
7795,41.61827727
8540,23.47927011
7379,124.6649464
2363,58.71887111
7040,48.52912333
7410,7.960588714
6703,25.02205326
3056,45.44522819
8860,39.2077229
10712,22.91018933
3478,50.4099714
1096,457.5273573
3477,78.42741664
830,25.74080995
9591,83.11591806
8785,47.73868915
5315,39.80608594
2718,52.80276316
9563,18.89265279
10479,39.23969742
10723,29.93511856
7252,67.23829007
5209,31.90724433
7448,25.99027122
892,30.07212174
5144,50.84016476
1156,75.79623016
2422,68.28511067
7173,88.45019947
4055,24.00207882
2601,30.4404006
7112,27.15391126
3480,47.67344172
10691,13.17416286
7280,6.551266864
1454,39.51195088
6265,119.4222998
4956,109.803776
1289,52.58039581
8461,14.63811098
7938,24.27950566
8086,60.59948747
12196,227.1560175
6164,110.8355386
7302,47.70158983
1550,-9.849260524
9544,45.46917856
4730,31.64684466
1380,46.16549275
10817,25.76055888
9069,237.176528
449,125.9128548
7547,29.42140861
6617,735.1922562
3643,35.89058712
5419,59.38022822
5488,53.26811144
7736,24.51865208
6582,41.81245564
531,41.14189039
8976,111.5454906
8628,68.22049511
836,33.87500498
2111,56.93407855
5752,21.49826978
11877,17.19130678
9174,54.63308199
1306,29.54477197
5578,45.06405813
730,288.3937905
8727,32.08172179
10850,25.06247061
7486,21.02004379
9112,22.65459485
1113,25.21417799
508,122.8958106
2577,144.3069809
1984,21.60107968
3220,734.3448149
11625,46.92601079
2185,-8.837283473
1487,42.2033361
4747,32.67522489
8240,27.92224017
6070,278.1628996
6590,24.23889347
7531,33.39075332
5660,17.49800992
8061,24.05636297
4164,29.26499897
9577,84.10864565
4824,76.86381338
9130,34.45939051
1285,60.93521265
11790,18.87627641
6499,71.45488972
9108,23.99644462
11344,27.49453813
7538,70.94413088
8561,12.27278453
9381,93.21205309
10519,48.59087501
5109,34.8782277
6340,31.51985683
3341,8.915035531
6274,25.58138293
11292,17.82797661
3441,84.67942591
5136,124.0956704
6991,38.62718603
6113,97.77019925
3025,10.29370624
10019,29.10844705
9376,153.8298393
5640,43.61079206
8993,53.21424671
11664,95.64855003
2023,29.51174083
4638,26.29795634
8747,69.73510452
7692,31.27284293
2602,33.89844004
9621,110.5692936
6650,79.06547211
3484,24.86704946
3118,35.77390519
4476,27.38966333
773,74.31526077
6458,54.06032756
9205,459.2143431
9447,48.06359277
5782,14.59419908
5577,46.00092711
10808,25.36241031
10434,63.12709189
2124,16.17360062
4079,21.06947054
8147,24.6223853
3141,58.9460807
4029,399.6492729
1372,137.1370836
2239,219.3726739
10200,31.38058694
2789,22.46095882
8406,86.84467825
7842,-3.966518297
2103,24.63409328
10097,44.57791667
6628,50.53258645
5102,21.48749717
8673,37.17479409
3615,35.97988997
5960,90.8267629
2780,71.14615745
10101,24.2324749
4989,97.48605914
1016,27.91381697
3623,32.39108478
2744,4.483613513
10207,-7.763418831
4796,39.00232167
2899,80.06454316
2088,176.6867504
2689,38.0690591
4871,38.07060451
3482,28.45300808
4725,43.25595489
5499,22.0439346
3242,17.98443091
8249,491.6559323
4530,36.2056084
4546,34.59002331
10484,27.7611077
1872,60.18292511
853,93.83285609
8144,47.54566703
2155,31.24548891
7929,27.89787594
7530,39.64780504
2497,37.15546668
3791,192.559168
1577,10.36174451
276,39.71937814
563,16.70922387
3427,59.22886254
7094,12.84491486
5188,46.85881088
1278,88.12189028
9302,48.53962803
9111,12.4172445
9519,24.04628588
4440,97.34140001
425,37.53747496
4676,6.845610028
10845,26.32695811
4198,27.00695117
6180,52.5044939
7598,48.31911752
4227,27.18525643
1656,52.86194288
3659,37.76679932
8405,92.56455079
9124,28.72627695
8027,29.40867623
10445,85.05157442
8011,9.729114322
3668,31.44754835
8718,60.87928792
5092,82.71589688
8738,14.56644437
5190,46.73389098
3985,17.069609
3996,20.84891608
4422,198.8856331
3237,41.26056555
369,69.71565713
1276,121.0638269
5485,41.52293823
7780,25.64494207
10399,32.25672262
5497,6.870196332
2375,46.58660502
10643,23.68652305
8743,308.8055994
9592,86.50236803
10983,34.75508701
8103,9.185389362
4515,30.82120246
1701,7.937838523
4111,19.32948002
1443,42.41468298
4938,31.48552874
5224,9.234111088
4256,33.04686063
4192,34.51293655
7689,49.57464203
10669,48.55500596
10716,86.53251058
8314,30.94303704
5643,34.56278453
8360,79.48690245
10700,71.73430733
1181,32.64328512
6323,27.81975089
2293,26.80843775
3251,20.30069546
7670,14.30253087
11496,49.32077764
6753,28.48123792
8224,70.70769335
10369,32.90695531
3218,26.02369439
11445,30.42306874
11150,125.6711031
3826,11.77441176
5730,-1.606190348
9499,58.1256519
8228,68.52012349
5345,43.84254306
8044,15.15969108
10619,109.2948398
6562,431.4966826
8089,45.51675467
8152,38.90395725
9928,102.678197
5294,220.0342302
2906,36.75461883
11305,252.2001197
9288,14.71090434
11620,71.45693188
8176,31.93746098
1486,66.33079228
6977,23.40486276
2759,16.30113205
7801,28.28019449
11623,54.84024254
3309,25.66136913
5097,31.04075322
7516,66.00628777
9565,13.54141777
8863,31.08769616
9345,22.35060263
8921,28.56513124
5010,74.78991807
4383,11.91747761
10251,11.12317426
3619,29.1195432
9273,31.02375
6413,33.55093605
7949,178.0594536
10628,50.65672862
4370,33.7369565
9175,116.170764
6197,17.45932487
1673,218.9774029
7744,22.73990038
9107,26.89469891
6202,17.78404413
1281,68.25835383
11288,30.07659114
7628,47.40906455
10375,39.22321889
9870,139.2545917
10045,67.69802849
501,43.41367663
10981,10.21863519
9377,148.4870321
11273,10.41890078
6254,273.6520699
6592,18.53142374
10320,30.57895016
8195,69.59104287
5463,431.3129895
9610,256.4648417
9530,95.9147146
8167,60.73502711
11731,30.28579233
4897,95.50536454
5009,107.8721476
2344,51.06607956
9871,85.4198894
7336,35.30435677
7333,83.28557122
1490,40.6664177
1495,15.20718378
5,70.96757536
6474,65.38098156
6604,62.19128798
6004,67.79947021
12255,48.57159188
6185,47.4160556
4835,105.8521875
8534,29.73283354
9980,279.4161674
1893,17.66995436
10126,83.74530965
689,104.9552291
4529,17.3552449
4921,6.730914506
7368,405.3992159
5310,34.79827162
375,55.48319538
2874,6.045222429
1180,117.9360218
12190,23.8864188
4859,27.84914562
2582,96.52821536
7350,43.82963853
2965,8.448093903
1540,15.32618441
3089,11.88818896
1201,76.31537958
10282,24.37602294
8275,153.5411185
2573,10.00863404
12193,20.44456763
4052,25.00792456
2640,25.2739723
2007,29.46675159
986,226.4751347
9372,-2.98919799
7056,47.97094949
6277,24.57553718
7079,102.5702139
11680,125.8195462
8842,69.80048139
10487,161.8777323
732,139.6215729
8962,-3.681581548
11768,32.67866863
10028,107.3579291
7205,47.49411759
2644,12.99576863
2552,23.79342007
2230,28.8881803
4064,71.39843208
8098,30.25948936
5995,38.35474462
3143,27.72145816
9683,26.88753364
4785,53.63152832
2828,7.520772028
9025,8.180350502
2973,32.01230816
8876,28.86514539
11692,26.981988
3187,51.64810329
551,52.63741445
9737,46.20453046
5425,37.58772793
1409,21.20760113
10771,17.80570381
2053,0.470673973
2449,11.54065894
4199,15.16448573
10680,29.85833462
7304,31.53573509
2469,159.2215162
11734,26.02870071
9555,41.96252269
8867,75.87337557
965,46.63461924
6801,401.8506321
10955,-3.316513273
4445,137.5410575
1881,20.98650987
6793,18.53306188
2241,69.71309944
370,84.88617555
2763,6.854101312
283,29.70322545
1241,490.2576672
2073,17.4411131
711,46.08160046
1806,11.35809342
7653,88.64595296
3270,16.19085418
11905,10.9514988
10354,33.84451696
6667,106.2493205
1451,16.11855667
9641,99.09954588
10154,19.1336754
12102,53.85055476
11390,25.88926386
2866,24.89974229
3689,59.5948818
7601,27.22224757
6329,25.19438085
9728,98.5794633
8323,32.33536001
11046,60.9276926
8318,62.61192169
9167,54.84219821
8155,90.23203327
4994,137.6857166
4178,37.91743323
8441,54.44484072
8478,53.74838042
2342,70.50481185
8131,33.52525532
649,92.22074708
3738,145.3909021
7602,23.85444913
7922,68.09697402
737,114.1999948
2772,10.28343034
3976,16.88566735
3493,57.16683557
4597,47.95897595
2864,24.16609898
7267,-4.105999283
103,59.89119416
161,36.31955371
4113,18.31409964
4461,74.64525894
6303,24.22764229
8261,31.41351887
11061,11.88169062
11172,92.07472288
11107,27.11097692
8470,18.01349979
5213,28.69912259
10194,58.62624253
2727,46.79169574
3328,87.47533627
6008,28.44135331
1682,30.72989672
4110,14.16520069
11521,95.16538924
4264,46.55505093
3904,45.57212787
8102,33.53103094
11189,58.29706787
3640,39.52836448
6597,12.49252925
2196,23.37500631
3086,25.86918324
9551,35.81645063
6892,28.61139253
8557,23.85218381
3882,47.5933797
2553,21.74175562
3931,24.30413492
3272,24.51077153
6100,63.15654701
3152,29.61452931
6269,32.10351918
6001,30.84762856
5276,80.60713184
527,84.98137941
1933,46.96555085
3340,15.69268908
10508,91.3936985
11408,32.61401914
7590,28.0394692
9100,50.15402484
12166,54.98609662
10334,32.91392588
10711,16.27394668
5524,135.3652334
4996,90.5107573
8875,37.30426296
927,12.44623059
5324,30.71343326
1546,16.25563631
2064,33.94124509
9327,64.43735977
7082,71.19330887
6166,74.22258606
5166,20.43383774
3908,37.12785984
9729,71.01681461
11203,36.12827945
8317,21.43872747
8982,93.29258691
7075,106.422061
2338,15.10625423
1337,48.08362983
3660,43.27741728
8446,44.92586275
11301,581.1656514
7265,-3.331562108
121,88.01143301
6842,7.952924429
9823,31.42220753
12109,36.28125054
7508,97.74533733
9087,31.44787799
8180,39.85235209
3191,60.68222673
10015,36.43091419
9467,49.02105084
4008,81.43385104
2355,87.41512068
2980,37.6480309
1447,7.903368516
2292,12.12416241
8755,28.9948914
10946,39.61749408
6308,25.8661074
9231,24.5130179
5127,404.8295416
3937,-2.011090475
12088,107.7096537
4014,34.31487721
1529,29.39715783
3688,52.54466586
5569,105.9600022
22,38.86307435
8797,28.84283938
11213,48.91159367
7284,95.51651365
9405,32.62786481
8807,39.06469658
5384,59.59915906
9268,61.02374789
9379,102.2795403
7417,13.03458398
589,45.08883935
8156,59.96226994
10782,8.946219868
3841,27.58193421
8652,33.67549091
6567,100.9905977
2198,89.9322644
10634,-2.478544292
5002,45.86144612
4727,31.74463381
6609,34.07322901
3540,29.19899655
10784,13.58260309
4069,46.44915339
11430,39.04268992
2035,27.38889083
1511,218.8073179
47,14.74923713
6518,68.09869315
5008,21.18237585
5663,-5.460338655
7555,40.37595944
10522,35.05170433
3906,51.67290065
8435,95.09932529
5624,94.38917416
525,65.55328712
702,71.96843877
2425,61.2455916
3933,21.97491096
11450,36.36940693
2110,46.66057945
3331,70.16237233
222,14.71438426
7981,18.0220172
11548,139.4283975
3707,64.66206743
575,88.28726421
6224,1.417963621
11145,34.06686937
10503,137.323265
4179,31.59977553
9539,31.5226499
9303,42.73753222
10923,24.93803311
2036,30.0982811
9222,31.97563692
9419,25.10480682
8491,84.56648699
6407,29.14045504
11816,36.31700251
6790,43.399177
6521,46.32091589
7578,51.97301082
5619,92.43837414
11436,71.94579101
2115,25.79938408
10702,84.13858904
3111,58.82389755
10796,48.15737978
7443,22.22499897
902,58.969747
7873,43.92112542
3050,27.59111937
11978,45.11342106
4344,100.4173385
3313,67.42509787
11239,32.53002632
7262,8.538147961
2039,16.50031983
4816,27.80628007
2149,17.78103636
10610,71.7606628
6427,43.99633141
9045,44.25405627
6341,25.73164922
3375,144.4020494
2383,50.12522349
3654,15.01902997
8347,49.26428051
5939,41.88351861
9805,89.20196148
63,57.89138001
1057,89.90550756
1778,61.04105103
6802,405.2579425
596,51.51286552
2881,30.50228675
7289,83.33545168
7850,31.03544694
2164,23.83609772
2459,21.45847257
483,34.29834535
11017,92.10559256
558,37.49403336
11025,60.80371701
2205,41.10282088
304,12.34140862
4360,61.62221111
9054,17.25770479
11994,24.6916588
3414,11.71847564
1004,20.66589503
10778,8.81380569
4449,101.8240149
12134,52.68781413
11337,73.25191507
3710,118.1941416
5030,24.59325402
5680,83.85633587
4261,79.96512731
12048,71.32929953
10012,71.45923804
906,16.12577154
324,29.48608866
2760,48.42183465
4943,225.2013596
9749,29.84929835
2507,15.07259631
9880,64.60390124
4286,137.5727238
8329,21.74007198
2803,22.53943666
6385,35.09217054
9789,117.2469647
8665,32.6411359
5957,92.41328454
1428,68.41110249
1095,23.73034468
1427,93.19306509
1858,67.88944137
10498,194.01738
5005,37.52117554
6669,90.93955654
5437,279.9314753
5681,81.86265028
3306,27.14343488
6200,40.85271908
6014,193.1324272
8636,53.70407905
4160,36.12534573
4125,35.13182086
3090,11.93137245
2358,62.77732993
7986,8.233081356
11869,48.57619859
9875,71.39487166
2961,22.96777329
6554,67.94393018
7603,30.59435328
7919,84.42640852
7500,73.89384532
2253,25.24113399
8946,75.78401015
3617,36.86701416
9846,60.99648849
1688,29.92013693
2177,23.95173216
212,53.05977811
11535,16.81890773
5788,24.46497843
833,26.84521272
12221,34.36056912
1702,10.3368496
10582,125.2762304
10728,17.68630487
2072,12.47219079
4320,28.41591205
10524,42.3019865
1368,492.9198118
7969,-1.036117689
5017,67.61186816
3159,50.41130752
5523,263.5283087
10296,54.66362286
8116,40.77022835
1776,75.94686544
266,19.47231486
11641,23.35639534
2404,-4.649426991
9999,26.47299548
5620,97.19315733
3812,47.132663
8353,33.35293422
6671,102.3974733
1274,89.89545953
5589,56.87238412
11347,27.46457241
835,27.88387554
6231,85.39375938
7510,70.1887612
197,2.543728654
10676,29.14453651
9916,52.36755669
1400,25.3732916
4340,174.6730569
2328,58.93780196
705,93.18749841
6212,-5.315679529
10425,42.76807309
12022,147.4868399
11564,39.26286069
7583,146.4443534
2335,27.47952068
2745,10.66564225
4153,119.3030612
7975,17.0925653
7103,292.4399069
6824,30.88258515
6055,38.01369283
9186,66.43568448
10584,64.04149981
1838,-3.150187041
1388,73.73328998
10361,44.73682424
11142,40.60093268
95,21.45944161
9378,101.7007488
3163,21.95416855
10660,95.67218617
2330,46.17823226
1802,39.76730787
6012,431.3522226
2218,64.77545548
7152,47.99145644
9863,50.5844748
4295,61.00127194
6090,39.32110722
11012,93.69251253
2940,88.41670298
11424,61.45867922
7148,69.37586449
7043,33.76179157
503,37.60426883
7771,110.5131305
5967,67.95443234
8566,19.29700455
1239,291.3217988
7698,51.53930412
1521,77.80098191
5291,24.41865778
10349,37.38175531
5039,5.981592524
10854,24.77009896
7067,52.15743085
2025,25.27372718
10905,33.30820107
1853,87.75337614
4625,8.879482214
5464,175.0626231
1989,7.885486714
3783,50.5410297
3749,60.85601534
9605,19.49701141
4252,16.88935329
1917,38.12021833
5539,39.17684641
11263,-4.035654906
3211,21.61070882
4575,23.42529289
11,31.53550045
4283,228.0994212
4315,279.6469369
7062,15.67776662
9252,27.74614201
456,49.15475623
2171,27.51964291
7943,402.1311874
12178,8.587584043
3936,22.36421886
2728,81.31548907
8345,49.48189489
11538,72.73730426
3747,63.00869284
7806,98.19501531
10804,12.84206055
8161,-4.030050104
7324,17.73374118
1608,23.84863367
4375,18.15816393
3833,20.29977711
5465,192.987768
9478,93.23603015
5859,26.04695106
8821,29.15110612
4927,25.54780798
10690,13.57136116
10889,38.72069631
6286,71.97189045
5558,41.78197156
6658,27.9998384
9655,32.06874407
2652,34.20523826
1106,31.09861003
2560,46.82495534
9864,40.84493383
10259,10.26332469
8512,580.4511188
11388,20.16718431
11070,154.2544562
8837,88.81204804
10121,16.52993753
9364,165.1433372
2327,68.21973381
9985,136.762762
4825,71.02628964
8087,76.22200459
11235,45.64039537
3431,30.61055986
5543,362.58795
5542,32.6427831
5458,10.45760435
2664,81.19352596
10592,26.2453986
7534,458.7851456
1873,40.21494985
3036,33.36498983
5443,28.27938211
7763,396.051435
1429,47.85222207
5483,75.02334515
4913,53.12863045
10084,70.49714335
7561,33.38477854
7838,27.13907502
2830,23.95745521
5714,103.0379758
10609,64.43603516
1840,430.1511345
4675,23.20673087
9458,126.2258461
10402,70.64112542
7279,47.91710328
8740,34.18581099
10231,16.50313268
4484,7.085465319
10290,58.0013552
6028,65.34361966
5698,20.97546793
2098,52.45512054
8717,53.82907199
9937,87.49561222
10505,96.67445745
12257,39.37884088
706,66.98261918
11191,28.80090471
557,36.52456788
3011,35.76245822
4665,31.09145591
1410,6.173695519
3151,25.27379546
6509,138.145983
4385,25.40175473
3729,159.788943
8207,160.9290883
11934,92.31120837
11615,90.38113953
5042,73.93844595
2801,23.30151996
7899,31.47058597
10822,34.88440573
7584,109.8972263
9743,37.80741275
7483,28.0097378
812,17.95434321
3856,109.514856
9103,47.73256372
10530,38.4927922
8587,10.08832386
7934,18.81381628
6854,49.27361621
11461,17.02015947
10745,178.7725921
218,13.76301553
7940,580.3110403
1381,45.312614
10586,71.09092306
6948,19.47675283
2819,27.18800292
5383,68.88109091
4123,20.16583102
11582,29.85071657
11007,50.61063416
8977,145.8263348
2076,20.1728374
9474,98.62481035
1431,80.55552138
7357,27.75779748
639,0.274045279
9633,30.2759502
6252,405.1134826
2290,43.1809868
2129,87.59006996
7337,16.88235032
4412,48.48720534
6408,40.24707945
5583,21.32185684
694,739.2712758
306,29.18789033
11319,52.40432949
2420,85.43672652
9739,55.31609956
9456,200.1690435
5440,106.4185382
8679,40.66009955
7559,24.0840195
7605,36.86173255
5943,61.42627144
6401,32.17323389
7896,23.58509746
269,4.242624143
3140,105.8606143
1100,69.6863426
7852,-1.012816054
2128,226.5016923
1671,457.1588432
1890,21.11180552
10641,25.73838666
5312,22.97447025
8053,-7.465974408
11603,176.5285315
1625,34.35973121
10506,88.98764636
11188,71.63300332
7041,14.14242495
6351,24.32548251
3405,16.74538972
865,48.21854546
1901,283.0806237
313,18.86553708
5955,228.5284196
9769,41.35568811
52,96.59506456
8661,54.89042155
1030,24.80089531
2678,12.48257317
7036,18.10773031
7391,25.86691715
6074,263.6725695
8919,26.07059692
322,11.26871538
8765,50.04115898
2353,90.02114498
9970,27.08342344
6668,138.1143167
4258,307.6668482
11559,60.95136353
484,40.58369228
10856,25.46025053
9509,-2.508487681
11014,139.280751
10221,38.40465499
4291,101.8554821
2310,30.8573286
11921,-6.458339501
1804,36.53090068
11685,49.59530584
1684,47.76329397
5078,17.49990402
485,40.56572462
9221,26.901363
8095,19.75631228
6152,34.84825483
11852,30.59600848
7146,60.52057693
4604,24.14673794
1666,27.39514167
7057,28.37595441
7374,220.4336203
2645,12.57513056
10228,31.70062824
11651,25.6762736
1810,46.19113488
9183,81.43040116
2042,6.52310889
4932,16.51659312
911,-24.70203969
7533,24.98813296
7855,6.69074785
4924,19.44222345
9944,53.60435246
8641,38.32815729
5766,27.87106838
7835,49.94299263
5851,32.02877393
3312,87.11137116
11127,136.7893196
4753,38.05691421
10171,110.2057585
8229,63.91672293
3771,28.27125292
476,57.24832646
26,28.61445497
8067,91.3033743
9622,125.48822
10930,32.13692205
6750,20.50263167
7888,35.55482685
10360,39.22620628
5546,125.2269742
7203,48.98412358
1913,47.71491653
8615,24.89057619
5602,28.71246627
4934,52.06216474
1932,33.97675752
11015,89.50036489
4951,135.2253541
307,18.73256685
9455,363.5868219
10558,264.5575223
4534,11.60641326
8668,49.67433399
5160,37.89509337
3901,62.97802231
11196,9.532638355
3304,24.64890056
3715,93.16406057
4914,36.15335967
9639,24.02238677
9540,54.98795738
9771,32.37429361
7190,263.9583029
10157,21.86539971
352,61.25058782
362,101.4545075
4424,124.9424358
9137,10.23278383
1362,27.02260536
229,47.45351269
6641,31.36738761
9330,68.80864511
8239,14.44320681
4650,25.34992658
5098,16.81488128
2992,108.3978786
5742,46.87795263
7131,175.3871912
807,50.25288515
9120,26.57605937
10890,36.22693855
9039,-23.01883787
7344,-23.44325561
11233,44.77593567
5988,280.0757361
11400,8.55443389
791,9.190530161
12232,54.75479913
10668,50.3301482
8301,41.98272486
12254,47.71911145
12231,49.74056244
6578,65.48807963
11229,31.69406586
9457,179.2632439
446,41.21180993
12015,46.5986767
10284,26.23247454
9026,71.30570725
3581,22.91661597
10444,91.71171569
2296,33.83823001
785,108.6933353
118,0.059909474
3044,46.29003011
7876,24.68584101
4781,81.32694367
8013,22.36547575
7107,106.8485324
545,7.349706852
6425,21.91974798
1103,31.19639917
7405,27.30682398
303,32.46362858
8904,31.93268045
4752,30.57335479
8451,44.32094318
9251,32.77842613
11699,93.80968767
6657,42.07109065
8741,9.648761692
6526,37.8764487
4260,93.30951634
5051,48.90885015
10645,24.07603011
9306,31.06105888
10674,39.38342055
2994,58.704352
208,58.06438452
1960,12.64575708
11095,42.69626169
4678,23.89668327
8703,19.26971973
10368,45.91070175
9814,77.88187269
2891,63.84520397
6064,28.15519342
900,82.02678714
1159,59.33676205
11977,72.09204341
11823,14.84814737
781,29.66300989
5393,30.06238614
8689,44.5618234
7255,48.54429035
2571,34.94434902
9679,34.8580472
5725,26.77847212
2794,21.11890989
5811,60.90582281
926,15.57450297
5442,28.70045048
7264,-1.436852014
9601,44.36332569
7398,47.89340332
9143,30.42845124
2835,19.07561211
5135,109.176744
10440,146.8501099
11975,221.7516179
4869,28.56057118
9525,111.9441473
1787,136.800435
3768,50.35738303
245,15.1046644
9817,61.42240458
9799,40.6345813
7568,41.48763545
10187,25.59817019
1176,13.02451597
3692,25.03272603
1745,98.79889632
11082,70.37035488
2841,24.36506299
6692,92.14371792
923,27.08174793
11569,36.13479898
10165,251.6651686
5320,15.44922332
7701,28.86616937
9462,79.77542407
11010,229.8076476
1714,30.8207153
10521,37.32265174
1854,89.30725933
757,56.65679259
8565,24.79313429
2920,111.508267
7717,90.93356175
7523,36.9795585
4945,20.89004156
5521,395.4819598
4555,-25.09687043
7149,75.4535385
5829,54.06283177
3993,52.60962922
11887,27.13818375
8810,49.85937962
8823,-3.133857117
7830,70.77779475
1703,20.57419995
10688,18.92259618
4715,81.1023304
6045,7.015054619
8438,56.37843927
7222,53.68373277
8348,25.78581717
8415,25.44308528
3186,52.71058581
9047,35.5984867
7509,64.95746699
6131,13.84704429
4653,28.04131987
140,46.015234
2043,69.64846564
6356,57.26086237
10163,405.858556
4991,228.212414
6306,29.91810984
4582,250.4910967
6563,175.2463161
541,55.99711988
11160,15.54698839
9146,20.61269119
10830,29.60508628
518,47.94360002
7529,81.81188404
6255,250.9198959
12189,23.50125363
1476,15.7582532
1906,133.9920281
10367,47.86492867
3219,212.0776401
10038,53.4996268
3298,69.49442502
7290,70.03760408
1101,42.70772025
11423,121.1571416
2643,5.541601935
9757,171.3603838
584,63.64513161
8648,30.40394933
5921,33.47725314
3864,24.64686681
7702,25.63532762
6566,147.776881
10710,2.556515665
8522,110.026177
5593,49.37351745
10313,54.94778457
8762,72.02018256
249,231.4478688
9329,62.28468227
9386,91.36315763
11411,62.33050656
9617,237.5753839
5327,115.8496352
5439,50.78658059
2600,37.43546657
10236,16.21670914
6179,53.87934872
4959,76.55214417
5329,81.89701149
9388,87.09695553
6916,24.46695509
10562,136.0780689
7423,399.9910707
8279,137.0042025
11799,36.44748948
3576,25.01233677
9510,28.92707123
4242,36.00751978
1005,14.49918243
11658,285.7093829
6305,49.32878071
11632,8.442327438
5900,27.61405567
1489,33.54776654
10143,44.28937696
8782,64.06058542
1491,27.35037228
2144,10.75681634
7242,61.68433741
11631,19.81383828
4639,24.19699163
7269,35.13378906
